grp_top_kernel_Outline_VITIS_LOOP_54_1_fu_1154,VITIS_LOOP_54_1,seq_loop_status1.csv
grp_top_kernel_Outline_VITIS_LOOP_54_1_fu_1154.grp_top_kernel_Pipeline_VITIS_LOOP_56_2_fu_1090,VITIS_LOOP_56_2,upc_loop_status1.csv
grp_top_kernel_Pipeline_VITIS_LOOP_83_6_fu_1686,VITIS_LOOP_83_6,upc_loop_status2.csv
grp_top_kernel_Pipeline_VITIS_LOOP_69_4_VITIS_LOOP_71_5_fu_1747,VITIS_LOOP_69_4_VITIS_LOOP_71_5,upc_loop_status3.csv
grp_top_kernel_Pipeline_VITIS_LOOP_69_4_VITIS_LOOP_71_51_fu_2011,VITIS_LOOP_69_4_VITIS_LOOP_71_5,upc_loop_status4.csv
grp_top_kernel_Pipeline_VITIS_LOOP_69_4_VITIS_LOOP_71_52_fu_2275,VITIS_LOOP_69_4_VITIS_LOOP_71_5,upc_loop_status5.csv
grp_top_kernel_Pipeline_VITIS_LOOP_69_4_VITIS_LOOP_71_53_fu_2539,VITIS_LOOP_69_4_VITIS_LOOP_71_5,upc_loop_status6.csv
grp_top_kernel_Pipeline_VITIS_LOOP_69_4_VITIS_LOOP_71_54_fu_2803,VITIS_LOOP_69_4_VITIS_LOOP_71_5,upc_loop_status7.csv
grp_top_kernel_Pipeline_VITIS_LOOP_69_4_VITIS_LOOP_71_55_fu_3067,VITIS_LOOP_69_4_VITIS_LOOP_71_5,upc_loop_status8.csv
grp_top_kernel_Pipeline_VITIS_LOOP_69_4_VITIS_LOOP_71_56_fu_3331,VITIS_LOOP_69_4_VITIS_LOOP_71_5,upc_loop_status9.csv
grp_top_kernel_Pipeline_VITIS_LOOP_69_4_VITIS_LOOP_71_57_fu_3595,VITIS_LOOP_69_4_VITIS_LOOP_71_5,upc_loop_status10.csv
grp_top_kernel_Pipeline_VITIS_LOOP_90_8_VITIS_LOOP_91_9_fu_3859,VITIS_LOOP_90_8_VITIS_LOOP_91_9,upc_loop_status11.csv
grp_top_kernel_Pipeline_VITIS_LOOP_90_8_VITIS_LOOP_91_98_fu_3873,VITIS_LOOP_90_8_VITIS_LOOP_91_9,upc_loop_status12.csv
grp_top_kernel_Pipeline_VITIS_LOOP_90_8_VITIS_LOOP_91_99_fu_3936,VITIS_LOOP_90_8_VITIS_LOOP_91_9,upc_loop_status13.csv
grp_top_kernel_Pipeline_VITIS_LOOP_90_8_VITIS_LOOP_91_910_fu_3971,VITIS_LOOP_90_8_VITIS_LOOP_91_9,upc_loop_status14.csv
grp_top_kernel_Pipeline_VITIS_LOOP_90_8_VITIS_LOOP_91_911_fu_4034,VITIS_LOOP_90_8_VITIS_LOOP_91_9,upc_loop_status15.csv
grp_top_kernel_Pipeline_VITIS_LOOP_90_8_VITIS_LOOP_91_912_fu_4055,VITIS_LOOP_90_8_VITIS_LOOP_91_9,upc_loop_status16.csv
grp_top_kernel_Pipeline_VITIS_LOOP_90_8_VITIS_LOOP_91_913_fu_4118,VITIS_LOOP_90_8_VITIS_LOOP_91_9,upc_loop_status17.csv
grp_top_kernel_Pipeline_VITIS_LOOP_90_8_VITIS_LOOP_91_914_fu_4153,VITIS_LOOP_90_8_VITIS_LOOP_91_9,upc_loop_status18.csv
grp_top_kernel_Pipeline_VITIS_LOOP_99_10_fu_4216,VITIS_LOOP_99_10,upc_loop_status19.csv
grp_top_kernel_Pipeline_VITIS_LOOP_109_12_VITIS_LOOP_110_13_fu_4348,VITIS_LOOP_109_12_VITIS_LOOP_110_13,upc_loop_status20.csv
grp_top_kernel_Pipeline_VITIS_LOOP_109_12_VITIS_LOOP_110_1315_fu_4378,VITIS_LOOP_109_12_VITIS_LOOP_110_13,upc_loop_status21.csv
grp_top_kernel_Pipeline_VITIS_LOOP_109_12_VITIS_LOOP_110_1316_fu_4457,VITIS_LOOP_109_12_VITIS_LOOP_110_13,upc_loop_status22.csv
grp_top_kernel_Pipeline_VITIS_LOOP_109_12_VITIS_LOOP_110_1317_fu_4508,VITIS_LOOP_109_12_VITIS_LOOP_110_13,upc_loop_status23.csv
grp_top_kernel_Pipeline_VITIS_LOOP_109_12_VITIS_LOOP_110_1318_fu_4587,VITIS_LOOP_109_12_VITIS_LOOP_110_13,upc_loop_status24.csv
grp_top_kernel_Pipeline_VITIS_LOOP_109_12_VITIS_LOOP_110_1319_fu_4624,VITIS_LOOP_109_12_VITIS_LOOP_110_13,upc_loop_status25.csv
grp_top_kernel_Pipeline_VITIS_LOOP_109_12_VITIS_LOOP_110_1320_fu_4703,VITIS_LOOP_109_12_VITIS_LOOP_110_13,upc_loop_status26.csv
grp_top_kernel_Pipeline_VITIS_LOOP_109_12_VITIS_LOOP_110_1321_fu_4754,VITIS_LOOP_109_12_VITIS_LOOP_110_13,upc_loop_status27.csv
